<?xml version="1.0" encoding="utf-8"?>
<TEI xmlns="http://www.tei-c.org/ns/1.0">
  <teiHeader>
    <fileDesc>
      <titleStmt>
        <title>833-38r К языкову</title>
      </titleStmt>
      <editionStmt>
        <edition>К Языкову+Яз. брат! _Часовских</edition>
        <respStmt>
          <resp>Editor</resp>
          <name>Вышки Студент</name>
        </respStmt>
      </editionStmt>
    </fileDesc>
  </teiHeader>
  <sourceDoc>
    <surfaceGrp>
      <surface n="Новый слой">
        <graphic url="http://textograf.ru/api/Manuscripts/6fd2fe59-738b-4945-accb-352de63309dd/f32d2c35-b837-4c71-aa39-7c4b20d81ffc.jpg" width="1440px" height="1920px" />
        <zone ulx="146.36174011230469" uly="1575.3846435546875" lrx="146.36174011230469" lry="1103.035400390625">
          <line>Преслѣдуютъ   </line>
        </zone>
        <zone ulx="133.05613708496094" uly="1080.859375" lrx="133.05613708496094" lry="814.7470703125">
          <line>вомглѣ   </line>
        </zone>
        <zone ulx="135.27374267578125" uly="797.0062255859375" lrx="135.27374267578125" lry="621.815673828125">
          <line>мой   </line>
        </zone>
        <zone ulx="135.27374267578125" uly="599.6396484375" lrx="135.27374267578125" lry="386.74981689453125">
          <line>парусъ     </line>
        </zone>
        <zone ulx="139.70893859863281" uly="380.09701538085937" lrx="139.70893859863281" lry="176.07762145996094">
          <line>одинокой</line>
        </zone>
        <zone ulx="195.55340576171875" uly="1253.16845703125" lrx="195.55340576171875" lry="930.9134521484375" />
        <zone ulx="217.1973876953125" uly="1048.7529296875" lrx="217.1973876953125" lry="923.69879150390625" />
        <zone ulx="195.55340576171875" uly="774.595703125" lrx="195.55340576171875" lry="738.52239990234375" />
        <zone ulx="210.67221069335938" uly="1573.1669921875" lrx="210.67221069335938" lry="1389.1060791015625">
          <line>Какъ </line>
        </zone>
        <zone ulx="230.63063049316406" uly="1362.4947509765625" lrx="230.63063049316406" lry="1244.9619140625">
          <line>онъ, <add place="above">надъ   бездною        </add></line>
        </zone>
        <zone ulx="229.22183227539062" uly="1197.8560791015625" lrx="229.22183227539062" lry="1070.39697265625">
          <line>безъ <add place="above">эха</add></line>
        </zone>
        <zone ulx="229.22183227539062" uly="1036.728515625" lrx="229.22183227539062" lry="784.21527099609375">
          <line>
            <del>отзыва</del> <add place="above">я</add> </line>
        </zone>
        <zone ulx="217.1973876953125" uly="733.71258544921875" lrx="217.1973876953125" lry="594.22906494140625">
          <line>
            <del>надъ </del>
          </line>
        </zone>
        <zone ulx="212.38761901855469" uly="591.82421875" lrx="212.38761901855469" lry="401.8380126953125">
          <line>
            <del>бездной</del>   </line>
        </zone>
        <zone ulx="229.22183227539062" uly="377.78912353515625" lrx="229.22183227539062" lry="332.09625244140625">
          <line>я  </line>
        </zone>
        <zone ulx="236.43650817871094" uly="324.881591796875" lrx="236.43650817871094" lry="211.85183715820313">
          <line>пою </line>
        </zone>
        <zone ulx="282.12939453125" uly="1558.58935546875" lrx="282.12939453125" lry="1407.081298828125">
          <line>И     </line>
        </zone>
        <zone ulx="294.15380859375" uly="1421.5106201171875" lrx="294.15380859375" lry="1130.5191650390625">
          <line>тайные        </line>
        </zone>
        <zone ulx="298.96359252929687" uly="1082.42138671875" lrx="298.96359252929687" lry="841.93255615234375">
          <line>стихи     </line>
        </zone>
        <zone ulx="289.34405517578125" uly="796.23968505859375" lrx="289.34405517578125" lry="425.88690185546875">
          <line> обдумывать       </line>
        </zone>
        <zone ulx="306.13876342773437" uly="429.0828857421875" lrx="306.13876342773437" lry="203.02339172363281">
          <line>люблю</line>
        </zone>
        <zone ulx="407.18356323242187" uly="1652.3800048828125" lrx="407.18356323242187" lry="1397.4617919921875">
          <line>17   сент</line>
        </zone>
        <zone ulx="522.61822509765625" uly="1649.97509765625" lrx="522.61822509765625" lry="1486.442626953125">
          <line>1827.Яз.    братъ  !    Я   получилъ Твое    посланье    удалое. </line>
          <line>Какъ   ты    шалишь,  и   какъ   ты   милъ ! </line>
          <line>Какой   избытокъ   чувствъ   и   силъ ! </line>
          <line>Какое    буйство     молодое ! </line>
          <line>Нѣтъ?    не     кастальскою    водой </line>
          <line>Ты    воспоилъ   свою   камену ; </line>
          <line>Пегасъ     иную     Ипокрену </line>
          <line>Копытомъ    вышибъ   предъ_тобой .</line>
          <line>
            <add place="above">                                            льется</add>Она   кипитъ   не   хладной     влагой </line>
          <line>Но    пѣни[стой]&gt;тся| [,]  хмѣльною   брагой , </line>
          <line>Она   разымчива ,   пьяна </line>
          <line>Какъ    сей    напитокъ    благородный </line>
          <line>Слiянье    рома    и    вина </line>
          <line>Безъ    примѣси    воды    негодной  –– </line>
          <line>Въ   Тригорскомъ    жаждою</line>
          <line>Твоею    лирою       свободной</line>
          <line>Воспѣтый    въ    наши    времена </line>
          <line>		28    авг. </line>
        </zone>
      </surface>
      <surface n="Яз. братъ !">
        <graphic url="http://textograf.ru/api/Manuscripts/6fd2fe59-738b-4945-accb-352de63309dd/f32d2c35-b837-4c71-aa39-7c4b20d81ffc.jpg" width="1440px" height="1920px" />
        <zone>
          <line>Преслѣдуютъ   вомглѣ   мой   парусъ     одинокой</line>
          <line>Какъ онъ, надъ   бездною        безъ эха я    я  пою </line>
          <line>И     тайные        стихи      обдумывать       люблю</line>
          <line>17   сент</line>
          <line>1827.Яз.    братъ  !    Я   получилъ Твое    посланье    удалое. </line>
          <line>Какъ   ты    шалишь,  и   какъ   ты   милъ ! </line>
          <line>Какой   избытокъ   чувствъ   и   силъ ! </line>
          <line>Какое    буйство     молодое ! </line>
          <line>Нѣтъ?    не     кастальскою    водой </line>
          <line>Ты    воспоилъ   свою   камену ; </line>
          <line>Пегасъ     иную     Ипокрену </line>
          <line>Копытомъ    вышибъ   предъ_тобой .</line>
        </zone>
        <zone ulx="998.0509033203125" uly="869.6162109375" lrx="998.0509033203125" lry="842.01812744140625" />
        <zone ulx="325.61569213867187" uly="955.00848388671875" lrx="325.61569213867187" lry="887.16314697265625">
          <line>Она   </line>
        </zone>
        <zone ulx="477.82666015625" uly="964.82965087890625" lrx="477.82666015625" lry="887.55499267578125">
          <line>
            <del>кипитъ</del>   </line>
        </zone>
        <zone ulx="695.8516845703125" uly="934.47174072265625" lrx="695.8516845703125" lry="890.3148193359375">
          <line>не   </line>
        </zone>
        <zone ulx="757.9473876953125" uly="952.4105224609375" lrx="757.9473876953125" lry="875.13580322265625">
          <line>хладной     </line>
        </zone>
        <zone ulx="992.53125" uly="939.99139404296875" lrx="992.53125" lry="875.13580322265625">
          <line>влагой </line>
        </zone>
        <zone ulx="332.93661499023437" uly="1033.824951171875" lrx="332.93661499023437" lry="963.44976806640625">
          <line>Но    </line>
        </zone>
        <zone ulx="442.29409790039062" uly="1043.1392822265625" lrx="442.29409790039062" lry="963.79473876953125">
          <line>пѣни[стой]&gt;тся|</line>
        </zone>
        <zone ulx="715.51531982421875" uly="1021.060791015625" lrx="715.51531982421875" lry="963.79473876953125">
          <line> [,]  </line>
        </zone>
        <zone ulx="765.8818359375" uly="1013.4713134765625" lrx="765.8818359375" lry="939.64642333984375">
          <line>хмѣльною   </line>
        </zone>
        <zone ulx="1002.5355834960937" uly="1017.6110229492187" lrx="1002.5355834960937" lry="922.3975830078125">
          <line>брагой , </line>
        </zone>
        <zone ulx="328.45193481445312" uly="1099.025390625" lrx="328.45193481445312" lry="1044.5191650390625">
          <line>Она   </line>
        </zone>
        <zone ulx="423.66537475585937" uly="1118.3441162109375" lrx="423.66537475585937" lry="1045.8990478515625">
          <line>разымчива ,   </line>
        </zone>
        <zone ulx="798.99957275390625" uly="1079.016845703125" lrx="798.99957275390625" lry="1029.3402099609375">
          <line>пьяна </line>
        </zone>
        <zone ulx="340.87106323242187" uly="1166.6407470703125" lrx="340.87106323242187" lry="1116.2742919921875">
          <line>Какъ    </line>
        </zone>
        <zone ulx="478.171630859375" uly="1165.9508056640625" lrx="478.171630859375" lry="1110.064697265625">
          <line>сей    </line>
        </zone>
        <zone ulx="599.603271484375" uly="1182.5096435546875" lrx="599.603271484375" lry="1115.5843505859375">
          <line>напитокъ    </line>
        </zone>
        <zone ulx="852.12591552734375" uly="1192.1690673828125" lrx="852.12591552734375" lry="1076.2569580078125">
          <line>благородный </line>
        </zone>
        <zone ulx="351.91030883789062" uly="1241.1556396484375" lrx="351.91030883789062" lry="1168.020751953125">
          <line>Слiянье    </line>
        </zone>
        <zone ulx="560.9659423828125" uly="1267.3739013671875" lrx="560.9659423828125" lry="1179.7498779296875">
          <line>рома    </line>
        </zone>
        <zone ulx="774.85125732421875" uly="1217.697265625" lrx="774.85125732421875" lry="1188.029296875">
          <line>и    </line>
        </zone>
        <zone ulx="836.25701904296875" uly="1228.046630859375" lrx="836.25701904296875" lry="1162.5010986328125">
          <line>вина </line>
        </zone>
        <zone points="359.4998,1301.871 355.3601,1243.226 450.5735,1243.226 450.5735,1317.74">
          <line>Безъ    </line>
        </zone>
        <zone ulx="464.37255859375" uly="1310.15087890625" lrx="464.37255859375" lry="1245.9853515625">
          <line>примѣси    </line>
        </zone>
        <zone ulx="757.6024169921875" uly="1306.01123046875" lrx="757.6024169921875" lry="1243.91552734375">
          <line>воды    </line>
        </zone>
        <zone ulx="927.33074951171875" uly="1294.971923828125" lrx="927.33074951171875" lry="1208.0379638671875">
          <line>негодной  –– </line>
        </zone>
        <zone ulx="342.2509765625" uly="1337.05908203125" lrx="342.2509765625" lry="1300.4915771484375">
          <line>Въ   </line>
        </zone>
        <zone ulx="436.77447509765625" uly="1345.3385009765625" lrx="436.77447509765625" lry="1301.1815185546875">
          <line>Тригорскомъ    </line>
        </zone>
        <zone ulx="707.92584228515625" uly="1332.9193115234375" lrx="707.92584228515625" lry="1294.971923828125">
          <line>жаждою</line>
        </zone>
        <zone ulx="362.25958251953125" uly="1370.86669921875" lrx="362.25958251953125" lry="1334.9892578125">
          <line>
            <del>Твоею</del>    </line>
        </zone>
        <zone ulx="603.05303955078125" uly="1404.6744384765625" lrx="603.05303955078125" lry="1325.329833984375">
          <line>
            <del>лирою</del>       </line>
        </zone>
        <zone points="830.2199,1357.102 830.2199,1325.433 1079.845,1291.281 1080.466,1357.102">
          <line>свободной</line>
        </zone>
        <zone points="359.5343,1435.343 339.6636,1368.9 612.2639,1368.9 612.2639,1408.021" />
        <zone ulx="370.09054565429687" uly="1469.4954833984375" lrx="370.09054565429687" lry="1394.9805908203125">
          <line>
            <del>Воспѣтый</del>
            <add place="above">открытый</add>    </line>
        </zone>
        <zone ulx="655.73089599609375" uly="1433.47998046875" lrx="655.73089599609375" lry="1390.6339111328125">
          <line>въ    </line>
        </zone>
        <zone ulx="741.42303466796875" uly="1435.3427734375" lrx="741.42303466796875" lry="1392.496826171875">
          <line>наши    </line>
        </zone>
        <zone ulx="895.73089599609375" uly="1451.17724609375" lrx="895.73089599609375" lry="1369.2108154296875">
          <line>времена </line>
          <line>		</line>
        </zone>
        <zone ulx="959.06854248046875" uly="1516.9986572265625" lrx="959.06854248046875" lry="1454.9029541015625">
          <line>28   </line>
        </zone>
        <zone ulx="1067.1151123046875" uly="1515.7568359375" lrx="1067.1151123046875" lry="1451.17724609375">
          <line> авг. </line>
        </zone>
      </surface>
    </surfaceGrp>
  </sourceDoc>
</TEI>